S.No	Percentile	Residue_1	Residue_2	Minimal_Difference
1	99,98,97,96,95,94,93,92,91	ILE129	ASP163	-32
2	99,98,97,96,95,94,93,92,91	TRP166	GLY169	25.25
3	99,98,97,96,95,94,93,92,91	THR81	LEU85	-23.55
4	99,98,97,96,95,94,93,92,91	SER80	MET84	-20.67
5	99,98,97,96,95,94,93,92,91	ALA79	VAL228	18.29
6	99,98,97,96,95,94,93,92,91	ASN164	GLY169	17.41
7	99,98,97,96,95,94,93,92,91	MET84	TRP234	13.69
8	99,98,97,96,95,94,93,92,91	LEU231	GLY233	13.16
9	99,98,97,96,95,94,93,92,91	THR81	TYR153	-12.65
10	99,98,97,96,95,94,93,92,91	THR81	PHE181	-11.58
11	99,98,97,96,95,94,93,92,91	ILE129	ASN164	9.37
12	99,98,97,96,95,94,93,92,91	ARG109	VAL131	9.2
13	99,98,97,96,95,94,93,92,91	GLU100	LEU120	-9.13
14	99,98,97,96,95,94,93,92,91	TRP230	LEU249	8.56
15	99,98,97,96,95,94,93,92,91	KCX83	LYS217	7.91
16	99,98,97,96,95,94,93,92,91	ALA79	PHE82	-7.25
17	99,98,97,96,95,94,93,92,91	GLN133	ASN164	7.22
18	99,98,97,96,95,94,93,92,91	ASN248	GLU250	6.73
19	99,98,97,96,95,94,93,92,91	TYR153	LYS172	-6.63
20	99,98,97,96,95,94,93,92,91	VAL77	ILE173	-6.51
21	99,98,97,96,95,94,93,92,91	ALA87	LEU120	-6.5
22	99,98,97,96,95,94,93,92,91	SER73	PRO175	-6.46
23	99,98,97,96,95,94,93,92,91	ILE129	TRP166	-6.34
24	98,97,96,95,94,93,92,91	ILE129	TRP222	5.75
25	98,97,96,95,94,93,92,91	LYS125	LYS217	-5.51
26	98,97,96,95,94,93,92,91	LEU167	TRP220	-5.32
27	98,97,96,95,94,93,92,91	TRP220	SER257	-5.21
28	98,97,96,95,94,93,92,91	GLY152	GLN177	5.14
29	98,97,96,95,94,93,92,91	ALA136	ASP163	5.13
30	98,97,96,95,94,93,92,91	ALA79	GLY219	-5.06
31	98,97,96,95,94,93,92,91	VAL77	GLY221	-5.05
32	98,97,96,95,94,93,92,91	GLU113	ALA126	-4.93
33	98,97,96,95,94,93,92,91	GLY219	VAL228	-4.89
34	98,97,96,95,94,93,92,91	LEU249	VAL259	4.81
35	98,97,96,95,94,93,92,91	ILE158	GLY169	-4.8
36	97,96,95,94,93,92,91	ARG150	PHE192	4.45
37	97,96,95,94,93,92,91	TRP114	TRP222	-4.39
38	97,96,95,94,93,92,91	SER80	TRP166	4.32
39	97,96,95,94,93,92,91	TRP220	TRP230	-4.23
40	97,96,95,94,93,92,91	THR119	VAL131	-4.11
41	97,96,95,94,93,92,91	ALA136	PHE165	4.09
42	97,96,95,94,93,92,91	KCX83	ALA123	-4.01
43	97,96,95,94,93,92,91	LEU85	LEU190	3.99
44	97,96,95,94,93,92,91	GLU250	LYS252	3.94
45	97,96,95,94,93,92,91	SER80	ILE129	3.89
46	97,96,95,94,93,92,91	LEU167	ASP223	3.88
47	97,96,95,94,93,92,91	THR50	ILE263	-3.44
48	97,96,95,94,93,92,91	VAL48	ILE255	-3.38
49	96,95,94,93,92,91	THR99	THR119	-3.29
50	96,95,94,93,92,91	GLN227	LYS252	-3.24
51	96,95,94,93,92,91	PHE111	ALA126	-3.21
52	96,95,94,93,92,91	ALA186	GLN201	-3.19
53	96,95,94,93,92,91	SER80	TRP222	-3.15
54	96,95,94,93,92,91	SER80	TRP220	3.14
55	96,95,94,93,92,91	ILE158	VAL162	3.14
56	96,95,94,93,92,91	MET251	SER257	3.11
57	96,95,94,93,92,91	GLN227	LEU249	-3.11
58	96,95,94,93,92,91	ASP35	LYS40	3.06
59	96,95,94,93,92,91	GLU100	MET118	3.04
60	96,95,94,93,92,91	ALA182	PHE245	-3.04
61	96,95,94,93,92,91	THR50	MET251	3
62	96,95,94,93,92,91	MET84	LYS217	2.96
63	96,95,94,93,92,91	MET251	LYS253	-2.93
64	96,95,94,93,92,91	ALA79	KCX83	2.93
65	96,95,94,93,92,91	ASP223	ASP225	2.89
66	96,95,94,93,92,91	TRP220	LYS252	2.79
67	96,95,94,93,92,91	ALA96	ARG138	-2.76
68	96,95,94,93,92,91	PHE82	ILE89	2.74
69	95,94,93,92,91	GLY140	VAL162	-2.68
70	95,94,93,92,91	GLN58	GLN60	2.67
71	95,94,93,92,91	GLY221	VAL224	-2.66
72	95,94,93,92,91	LYS37	TYR65	2.63
73	95,94,93,92,91	LYS95	PHE102	2.6
74	95,94,93,92,91	GLY229	LEU231	2.6
75	95,94,93,92,91	PHE181	PHE192	2.6
76	95,94,93,92,91	LYS125	MET203	-2.59
77	95,94,93,92,91	ASP35	GLU39	2.59
78	95,94,93,92,91	LYS125	PHE205	2.59
79	95,94,93,92,91	LEU141	GLN161	-2.58
80	95,94,93,92,91	LYS116	ASP122	-2.57
81	95,94,93,92,91	MET251	VAL259	-2.55
82	95,94,93,92,91	TRP220	LYS253	2.55
83	95,94,93,92,91	ILE206	LYS261	2.5
84	95,94,93,92,91	HIS93	PHE192	2.49
85	95,94,93,92,91	THR160	VAL162	-2.44
86	95,94,93,92,91	VAL55	GLN57	2.44
87	95,94,93,92,91	TYR76	LEU171	-2.41
88	95,94,93,92,91	ASP117	ASP122	-2.39
89	95,94,93,92,91	GLN58	GLN63	2.37
90	95,94,93,92,91	PHE45	SER267	-2.35
91	95,94,93,92,91	LYS217	TRP230	2.33
92	95,94,93,92,91	ASP35	ALA38	2.32
93	95,94,93,92,91	PRO191	GLN197	2.3
94	95,94,93,92,91	LEU249	ILE255	2.29
95	95,94,93,92,91	MET118	PRO130	-2.26
96	95,94,93,92,91	ARG109	LYS116	2.26
97	94,93,92,91	LEU167	GLY221	-2.2
98	94,93,92,91	TRP104	LYS108	2.15
99	94,93,92,91	LEU88	PHE181	2.13
100	94,93,92,91	ILE89	VAL148	-2.12
101	94,93,92,91	GLN58	ILE273	-2.12
102	94,93,92,91	HIS93	ILE139	2.1
103	94,93,92,91	SER218	TRP220	2.1
104	94,93,92,91	TYR183	VAL243	2.09
105	94,93,92,91	PRO78	GLU178	-2.05
106	94,93,92,91	ALA79	TRP222	2.02
107	94,93,92,91	PHE45	ASN248	2.02
108	94,93,92,91	TYR153	GLN177	2.01
109	94,93,92,91	VAL259	THR264	1.97
110	94,93,92,91	ASN210	GLU269	1.97
111	94,93,92,91	MET124	VAL200	1.97
112	94,93,92,91	ASN164	ASP223	1.96
113	94,93,92,91	PHE82	ILE158	1.9
114	93,92,91	ALA38	GLN270	1.83
115	93,92,91	PRO226	GLU250	1.83
116	93,92,91	GLY211	VAL236	1.8
117	93,92,91	ILE214	THR264	-1.79
118	93,92,91	PRO191	SER193	1.78
119	93,92,91	VAL148	ILE158	1.76
120	93,92,91	LYS116	ALA126	-1.72
121	93,92,91	LEU91	LEU135	1.71
122	93,92,91	MET84	VAL200	-1.71
123	93,92,91	GLU115	ASP117	1.68
124	93,92,91	LEU135	MET144	-1.67
125	93,92,91	LEU69	SER73	-1.66
126	93,92,91	LYS103	ARG109	-1.66
127	93,92,91	LEU85	MET144	1.66
128	93,92,91	GLN60	GLN62	1.66
129	93,92,91	LYS209	GLU269	-1.61
130	93,92,91	LEU85	GLU147	-1.6
131	93,92,91	LEU91	MET203	-1.58
132	92,91	ALA38	LYS42	-1.57
133	92,91	ASP117	THR119	1.53
134	92,91	GLU207	LYS261	-1.52
135	92,91	GLN237	ILE242	1.51
136	92,91	GLN227	LYS253	1.49
137	92,91	GLU75	GLN177	-1.49
138	92,91	TYR76	THR174	-1.49
139	92,91	LEU44	GLN270	1.47
140	92,91	THR232	LEU247	-1.46
141	92,91	ASN187	GLN201	1.44
142	91	ASP105	ARG109	1.35
143	91	VAL48	LYS252	1.34
144	91	LYS149	ILE158	1.33
145	91	GLY229	GLU250	1.33
146	91	VAL236	GLY240	-1.32
147	91	SER64	GLY66	-1.31
148	91	LEU120	VAL131	-1.3
149	91	GLN161	VAL168	1.29
150	91	LYS103	GLN107	1.27
151	91	HIS94	LYS195	-1.25
152	91	ALA136	LEU141	-1.22
153	91	ILE89	LEU143	-1.21
154	91	ALA96	GLU100	-1.21
155	91	ILE56	SER267	-1.2
156	91	GLY221	MET251	1.2
157	91	LEU54	GLY66	-1.2
158	91	LYS184	GLN197	-1.19
159	91	ILE214	PHE245	-1.18
160	91	GLU147	GLY152	-1.18
161	91	LYS95	THR97	1.17
162	91	ASN46	THR50	1.17
