S.No,Percentile,Residue_1,Residue_2,Minimal_Difference
1,"99,98,97,96,95,94,93,92,91",ILE129,ASP163,-95.07
2,"99,98,97,96,95,94,93,92,91",GLN133,ASN164,53.03
3,"99,98,97,96,95,94,93,92,91",GLY152,PHE181,-44.10999999999999
4,"99,98,97,96,95,94,93,92,91",MET84,PHE181,41.1
5,"99,98,97,96,95,94,93,92,91",LEU88,PHE181,40.580000000000005
6,"99,98,97,96,95,94,93,92,91",ILE173,PHE181,-37.42
7,"99,98,97,96,95,94,93,92,91",ILE129,ASN164,-34.64
8,"99,98,97,96,95,94,93,92,91",GLY154,PHE181,-24.79
9,"99,98,97,96,95,94,93,92,91",ALA79,KCX83,-23.74
10,"99,98,97,96,95,94,93,92,91",MET84,TRP234,23.43
11,"99,98,97,96,95,94,93,92,91",TRP166,GLY169,21.33
12,"99,98,97,96,95,94,93,92,91",MET84,GLY233,21.0
13,"99,98,97,96,95,94,93,92,91",MET84,GLU178,-20.880000000000003
14,"99,98,97,96,95,94,93,92,91",THR81,TYR153,20.77
15,"99,98,97,96,95,94,93,92,91",MET84,VAL200,-19.24000000000001
16,"99,98,97,96,95,94,93,92,91",ARG150,PHE192,19.06
17,"98,97,96,95,94,93,92,91",GLU207,LYS261,18.47
18,"98,97,96,95,94,93,92,91",ASN164,GLY169,18.27
19,"98,97,96,95,94,93,92,91",MET84,ALA216,16.36
20,"98,97,96,95,94,93,92,91",SER80,ILE129,15.66
21,"98,97,96,95,94,93,92,91",THR189,GLN197,13.170000000000002
22,"98,97,96,95,94,93,92,91",GLU92,PRO191,-13.14
23,"98,97,96,95,94,93,92,91",ASN210,LEU274,13.030000000000008
24,"98,97,96,95,94,93,92,91",LEU85,LEU190,-12.81
25,"98,97,96,95,94,93,92,91",ILE158,GLY169,-12.71
26,"98,97,96,95,94,93,92,91",LEU85,PHE181,12.459999999999994
27,"97,96,95,94,93,92,91",MET124,VAL200,-12.39
28,"97,96,95,94,93,92,91",ASN210,PRO238,-11.61
29,"97,96,95,94,93,92,91",GLN161,VAL168,-11.59
30,"97,96,95,94,93,92,91",ALA96,GLU100,11.430000000000009
31,"97,96,95,94,93,92,91",LEU167,TRP222,11.36
32,"97,96,95,94,93,92,91",THR98,GLY121,11.28
33,"97,96,95,94,93,92,91",GLY211,GLN237,-11.199999999999996
34,"97,96,95,94,93,92,91",MET84,ALA182,10.959999999999996
35,"97,96,95,94,93,92,91",GLY219,GLY221,10.57
36,"97,96,95,94,93,92,91",ILE129,TRP222,10.560000000000002
37,"97,96,95,94,93,92,91",GLU208,ILE214,10.560000000000002
38,"97,96,95,94,93,92,91",ALA136,ASP163,10.47
39,"97,96,95,94,93,92,91",HIS49,ILE255,10.020000000000003
40,"97,96,95,94,93,92,91",LEU185,GLN201,9.729999999999997
41,"97,96,95,94,93,92,91",ALA79,GLY219,9.700000000000005
42,"97,96,95,94,93,92,91",GLU100,LEU120,-9.4
43,"96,95,94,93,92,91",GLY211,VAL236,-9.109999999999992
44,"96,95,94,93,92,91",PHE82,ILE89,8.89
45,"96,95,94,93,92,91",LEU54,LEU268,8.869999999999997
46,"96,95,94,93,92,91",PHE181,PHE192,8.73
47,"96,95,94,93,92,91",LEU110,TRP222,-8.600000000000001
48,"96,95,94,93,92,91",PRO191,SER193,-8.480000000000004
49,"96,95,94,93,92,91",GLU100,MET118,8.14
50,"96,95,94,93,92,91",LEU249,ILE255,-8.129999999999995
51,"96,95,94,93,92,91",SER127,SER218,-7.809999999999999
52,"96,95,94,93,92,91",GLU100,ARG138,7.769999999999996
53,"96,95,94,93,92,91",THR99,THR119,7.680000000000007
54,"96,95,94,93,92,91",ILE129,TRP166,-7.650000000000006
55,"96,95,94,93,92,91",LYS217,TRP230,-7.569999999999997
56,"96,95,94,93,92,91",SER80,LEU167,7.299999999999997
57,"96,95,94,93,92,91",MET251,SER257,-7.220000000000013
58,"95,94,93,92,91",TRP220,LYS253,7.07
59,"95,94,93,92,91",LYS37,TYR65,6.849999999999994
60,"95,94,93,92,91",LEU167,TRP220,6.84
61,"95,94,93,92,91",VAL77,GLY221,-6.689999999999998
62,"95,94,93,92,91",TYR215,VAL235,-6.569999999999993
63,"95,94,93,92,91",LYS95,GLU100,6.32
64,"95,94,93,92,91",VAL162,TRP166,-6.230000000000004
65,"95,94,93,92,91",GLU113,ALA126,-6.219999999999999
66,"95,94,93,92,91",THR81,LEU85,-6.059999999999999
67,"95,94,93,92,91",GLN227,LYS253,5.880000000000003
68,"94,93,92,91",ALA79,PHE82,-5.659999999999997
69,"94,93,92,91",GLN133,LEU167,5.52
70,"94,93,92,91",LYS37,LEU271,-5.379999999999996
71,"94,93,92,91",ASP163,LEU167,5.33
72,"93,92,91",LEU85,VAL148,5.280000000000001
73,"93,92,91",ASP117,THR119,5.039999999999999
74,"93,92,91",ILE206,TYR265,-4.969999999999999
75,"93,92,91",MET144,TRP166,4.890000000000001
76,"93,92,91",GLN60,GLN180,-4.880000000000003
77,"93,92,91",LEU167,VAL224,-4.799999999999997
78,"93,92,91",ALA136,VAL162,-4.75
79,"93,92,91",ASN210,GLU269,4.74
80,"93,92,91",THR98,SER202,4.69
81,"93,92,91",TRP220,TRP230,4.660000000000004
82,"93,92,91",PHE111,TRP222,-4.640000000000001
83,"93,92,91",GLY140,VAL162,-4.6200000000000045
84,"93,92,91",LEU110,ILE129,4.619999999999999
85,"92,91",ILE89,LEU143,4.560000000000002
86,"92,91",PRO226,GLU250,-4.540000000000006
87,"92,91",ARG137,VAL162,-4.349999999999994
88,"92,91",ARG109,VAL131,4.329999999999998
89,"92,91",VAL148,PHE165,4.290000000000006
90,"92,91",VAL77,ILE173,-4.289999999999992
91,"92,91",ILE206,LYS217,4.23
92,"92,91",TRP220,SER257,4.210000000000001
93,"92,91",GLY59,ILE242,-4.209999999999999
94,"92,91",SER80,TRP220,-4.189999999999998
95,"92,91",LEU91,MET203,-4.159999999999997
96,"92,91",HIS49,THR51,4.110000000000007
97,"92,91",TRP222,LYS253,4.08
98,"92,91",PRO78,GLU178,3.979999999999997
99,91,PHE82,MET144,3.950000000000003
100,91,VAL200,TRP234,3.92
101,91,HIS94,THR97,3.92
102,91,PHE181,THR232,3.9
103,91,THR81,LEU231,-3.870000000000005
104,91,GLN161,ASN164,3.870000000000005
105,91,ASP198,SER202,-3.86
106,91,ASN164,ASP223,-3.850000000000001
107,91,THR119,VAL131,3.8299999999999983
108,91,THR98,VAL200,3.8
109,91,PHE45,SER267,-3.77
110,91,TRP104,LYS108,3.660000000000004
